brand,supplier_ref,normalized_ref,name,normalized_name,category,image_url,pdf_url,source_url
orkli,V-06435,V06435,"421,66 €","421,66 €",repuestos,,https://www.orkli.com/documents/26715/33991/Orkli%2Btarifa%2Brepuestos%2B2021%2Biraila/deb3b515-a3c0-4fbb-8015-a812a463dc95,https://www.orkli.com/documents/26715/33991/Orkli%2Btarifa%2Brepuestos%2B2021%2Biraila/deb3b515-a3c0-4fbb-8015-a812a463dc95
orkli,E-18683,E18683,"224,98 €","224,98 €",repuestos,,https://www.orkli.com/documents/26715/33991/Orkli%2Btarifa%2Brepuestos%2B2021%2Biraila/deb3b515-a3c0-4fbb-8015-a812a463dc95,https://www.orkli.com/documents/26715/33991/Orkli%2Btarifa%2Brepuestos%2B2021%2Biraila/deb3b515-a3c0-4fbb-8015-a812a463dc95
orkli,V-05169,V05169,"653,80 €","653,80 €",repuestos,,https://www.orkli.com/documents/26715/33991/Orkli%2Btarifa%2Brepuestos%2B2021%2Biraila/deb3b515-a3c0-4fbb-8015-a812a463dc95,https://www.orkli.com/documents/26715/33991/Orkli%2Btarifa%2Brepuestos%2B2021%2Biraila/deb3b515-a3c0-4fbb-8015-a812a463dc95
orkli,V-06434,V06434,"100,97 €","100,97 €",repuestos,,https://www.orkli.com/documents/26715/33991/Orkli%2Btarifa%2Brepuestos%2B2021%2Biraila/deb3b515-a3c0-4fbb-8015-a812a463dc95,https://www.orkli.com/documents/26715/33991/Orkli%2Btarifa%2Brepuestos%2B2021%2Biraila/deb3b515-a3c0-4fbb-8015-a812a463dc95
orkli,E-18680,E18680,"86,41 €","86,41 €",repuestos,,https://www.orkli.com/documents/26715/33991/Orkli%2Btarifa%2Brepuestos%2B2021%2Biraila/deb3b515-a3c0-4fbb-8015-a812a463dc95,https://www.orkli.com/documents/26715/33991/Orkli%2Btarifa%2Brepuestos%2B2021%2Biraila/deb3b515-a3c0-4fbb-8015-a812a463dc95
orkli,V-05352,V05352,"12,16 €","12,16 €",repuestos,,https://www.orkli.com/documents/26715/33991/Orkli%2Btarifa%2Brepuestos%2B2021%2Biraila/deb3b515-a3c0-4fbb-8015-a812a463dc95,https://www.orkli.com/documents/26715/33991/Orkli%2Btarifa%2Brepuestos%2B2021%2Biraila/deb3b515-a3c0-4fbb-8015-a812a463dc95
orkli,V-05350,V05350,"12,89 €","12,89 €",repuestos,,https://www.orkli.com/documents/26715/33991/Orkli%2Btarifa%2Brepuestos%2B2021%2Biraila/deb3b515-a3c0-4fbb-8015-a812a463dc95,https://www.orkli.com/documents/26715/33991/Orkli%2Btarifa%2Brepuestos%2B2021%2Biraila/deb3b515-a3c0-4fbb-8015-a812a463dc95
orkli,V-05351,V05351,"26,12 €","26,12 €",repuestos,,https://www.orkli.com/documents/26715/33991/Orkli%2Btarifa%2Brepuestos%2B2021%2Biraila/deb3b515-a3c0-4fbb-8015-a812a463dc95,https://www.orkli.com/documents/26715/33991/Orkli%2Btarifa%2Brepuestos%2B2021%2Biraila/deb3b515-a3c0-4fbb-8015-a812a463dc95
orkli,V-05003,V05003,"20,18 €","20,18 €",repuestos,,https://www.orkli.com/documents/26715/33991/Orkli%2Btarifa%2Brepuestos%2B2021%2Biraila/deb3b515-a3c0-4fbb-8015-a812a463dc95,https://www.orkli.com/documents/26715/33991/Orkli%2Btarifa%2Brepuestos%2B2021%2Biraila/deb3b515-a3c0-4fbb-8015-a812a463dc95
orkli,V-07374,V07374,"7,83 €","7,83 €",repuestos,,https://www.orkli.com/documents/26715/33991/Orkli%2Btarifa%2Brepuestos%2B2021%2Biraila/deb3b515-a3c0-4fbb-8015-a812a463dc95,https://www.orkli.com/documents/26715/33991/Orkli%2Btarifa%2Brepuestos%2B2021%2Biraila/deb3b515-a3c0-4fbb-8015-a812a463dc95
orkli,V-07375,V07375,"8,77 €","8,77 €",repuestos,,https://www.orkli.com/documents/26715/33991/Orkli%2Btarifa%2Brepuestos%2B2021%2Biraila/deb3b515-a3c0-4fbb-8015-a812a463dc95,https://www.orkli.com/documents/26715/33991/Orkli%2Btarifa%2Brepuestos%2B2021%2Biraila/deb3b515-a3c0-4fbb-8015-a812a463dc95
orkli,V-07376,V07376,"8,45 €","8,45 €",repuestos,,https://www.orkli.com/documents/26715/33991/Orkli%2Btarifa%2Brepuestos%2B2021%2Biraila/deb3b515-a3c0-4fbb-8015-a812a463dc95,https://www.orkli.com/documents/26715/33991/Orkli%2Btarifa%2Brepuestos%2B2021%2Biraila/deb3b515-a3c0-4fbb-8015-a812a463dc95
orkli,E-25092,E25092,"5,50 €","5,50 €",repuestos,,https://www.orkli.com/documents/26715/33991/Orkli%2Btarifa%2Brepuestos%2B2021%2Biraila/deb3b515-a3c0-4fbb-8015-a812a463dc95,https://www.orkli.com/documents/26715/33991/Orkli%2Btarifa%2Brepuestos%2B2021%2Biraila/deb3b515-a3c0-4fbb-8015-a812a463dc95
orkli,E-24881,E24881,"4,47 €","4,47 €",repuestos,,https://www.orkli.com/documents/26715/33991/Orkli%2Btarifa%2Brepuestos%2B2021%2Biraila/deb3b515-a3c0-4fbb-8015-a812a463dc95,https://www.orkli.com/documents/26715/33991/Orkli%2Btarifa%2Brepuestos%2B2021%2Biraila/deb3b515-a3c0-4fbb-8015-a812a463dc95
orkli,V-04012,V04012,"27,02 €","27,02 €",repuestos,,https://www.orkli.com/documents/26715/33991/Orkli%2Btarifa%2Brepuestos%2B2021%2Biraila/deb3b515-a3c0-4fbb-8015-a812a463dc95,https://www.orkli.com/documents/26715/33991/Orkli%2Btarifa%2Brepuestos%2B2021%2Biraila/deb3b515-a3c0-4fbb-8015-a812a463dc95
orkli,V-04338,V04338,"161,54 €","161,54 €",repuestos,,https://www.orkli.com/documents/26715/33991/Orkli%2Btarifa%2Brepuestos%2B2021%2Biraila/deb3b515-a3c0-4fbb-8015-a812a463dc95,https://www.orkli.com/documents/26715/33991/Orkli%2Btarifa%2Brepuestos%2B2021%2Biraila/deb3b515-a3c0-4fbb-8015-a812a463dc95
orkli,V-04339,V04339,"120,88 €","120,88 €",repuestos,,https://www.orkli.com/documents/26715/33991/Orkli%2Btarifa%2Brepuestos%2B2021%2Biraila/deb3b515-a3c0-4fbb-8015-a812a463dc95,https://www.orkli.com/documents/26715/33991/Orkli%2Btarifa%2Brepuestos%2B2021%2Biraila/deb3b515-a3c0-4fbb-8015-a812a463dc95
orkli,V-04340,V04340,"126,56 €","126,56 €",repuestos,,https://www.orkli.com/documents/26715/33991/Orkli%2Btarifa%2Brepuestos%2B2021%2Biraila/deb3b515-a3c0-4fbb-8015-a812a463dc95,https://www.orkli.com/documents/26715/33991/Orkli%2Btarifa%2Brepuestos%2B2021%2Biraila/deb3b515-a3c0-4fbb-8015-a812a463dc95
orkli,V-05667,V05667,"51,85 €","51,85 €",repuestos,,https://www.orkli.com/documents/26715/33991/Orkli%2Btarifa%2Brepuestos%2B2021%2Biraila/deb3b515-a3c0-4fbb-8015-a812a463dc95,https://www.orkli.com/documents/26715/33991/Orkli%2Btarifa%2Brepuestos%2B2021%2Biraila/deb3b515-a3c0-4fbb-8015-a812a463dc95
orkli,V-05929,V05929,"449,10 €","449,10 €",repuestos,,https://www.orkli.com/documents/26715/33991/Orkli%2Btarifa%2Brepuestos%2B2021%2Biraila/deb3b515-a3c0-4fbb-8015-a812a463dc95,https://www.orkli.com/documents/26715/33991/Orkli%2Btarifa%2Brepuestos%2B2021%2Biraila/deb3b515-a3c0-4fbb-8015-a812a463dc95
orkli,V-02634,V02634,"328,05 €","328,05 €",repuestos,,https://www.orkli.com/documents/26715/33991/Orkli%2Btarifa%2Brepuestos%2B2021%2Biraila/deb3b515-a3c0-4fbb-8015-a812a463dc95,https://www.orkli.com/documents/26715/33991/Orkli%2Btarifa%2Brepuestos%2B2021%2Biraila/deb3b515-a3c0-4fbb-8015-a812a463dc95
orkli,V-05504,V05504,"466,08 €","466,08 €",repuestos,,https://www.orkli.com/documents/26715/33991/Orkli%2Btarifa%2Brepuestos%2B2021%2Biraila/deb3b515-a3c0-4fbb-8015-a812a463dc95,https://www.orkli.com/documents/26715/33991/Orkli%2Btarifa%2Brepuestos%2B2021%2Biraila/deb3b515-a3c0-4fbb-8015-a812a463dc95
orkli,V-04337,V04337,"402,16 €","402,16 €",repuestos,,https://www.orkli.com/documents/26715/33991/Orkli%2Btarifa%2Brepuestos%2B2021%2Biraila/deb3b515-a3c0-4fbb-8015-a812a463dc95,https://www.orkli.com/documents/26715/33991/Orkli%2Btarifa%2Brepuestos%2B2021%2Biraila/deb3b515-a3c0-4fbb-8015-a812a463dc95
orkli,V-07293,V07293,"147,45 €","147,45 €",repuestos,,https://www.orkli.com/documents/26715/33991/Orkli%2Btarifa%2Brepuestos%2B2021%2Biraila/deb3b515-a3c0-4fbb-8015-a812a463dc95,https://www.orkli.com/documents/26715/33991/Orkli%2Btarifa%2Brepuestos%2B2021%2Biraila/deb3b515-a3c0-4fbb-8015-a812a463dc95
orkli,V-07294,V07294,"321,46 €","321,46 €",repuestos,,https://www.orkli.com/documents/26715/33991/Orkli%2Btarifa%2Brepuestos%2B2021%2Biraila/deb3b515-a3c0-4fbb-8015-a812a463dc95,https://www.orkli.com/documents/26715/33991/Orkli%2Btarifa%2Brepuestos%2B2021%2Biraila/deb3b515-a3c0-4fbb-8015-a812a463dc95
orkli,V-07295,V07295,"116,77 €","116,77 €",repuestos,,https://www.orkli.com/documents/26715/33991/Orkli%2Btarifa%2Brepuestos%2B2021%2Biraila/deb3b515-a3c0-4fbb-8015-a812a463dc95,https://www.orkli.com/documents/26715/33991/Orkli%2Btarifa%2Brepuestos%2B2021%2Biraila/deb3b515-a3c0-4fbb-8015-a812a463dc95
orkli,V-07296,V07296,"212,93 €","212,93 €",repuestos,,https://www.orkli.com/documents/26715/33991/Orkli%2Btarifa%2Brepuestos%2B2021%2Biraila/deb3b515-a3c0-4fbb-8015-a812a463dc95,https://www.orkli.com/documents/26715/33991/Orkli%2Btarifa%2Brepuestos%2B2021%2Biraila/deb3b515-a3c0-4fbb-8015-a812a463dc95
orkli,V-07297,V07297,"296,74 €","296,74 €",repuestos,,https://www.orkli.com/documents/26715/33991/Orkli%2Btarifa%2Brepuestos%2B2021%2Biraila/deb3b515-a3c0-4fbb-8015-a812a463dc95,https://www.orkli.com/documents/26715/33991/Orkli%2Btarifa%2Brepuestos%2B2021%2Biraila/deb3b515-a3c0-4fbb-8015-a812a463dc95
orkli,V-02702,V02702,"8,17 € 6","8,17 € 6",repuestos,,https://www.orkli.com/documents/26715/33991/Orkli%2Btarifa%2Brepuestos%2B2021%2Biraila/deb3b515-a3c0-4fbb-8015-a812a463dc95,https://www.orkli.com/documents/26715/33991/Orkli%2Btarifa%2Brepuestos%2B2021%2Biraila/deb3b515-a3c0-4fbb-8015-a812a463dc95
orkli,E-25353-00,E25353,"14,67 € 6","14,67 € 6",repuestos,,https://www.orkli.com/documents/26715/33991/Orkli%2Btarifa%2Brepuestos%2B2021%2Biraila/deb3b515-a3c0-4fbb-8015-a812a463dc95,https://www.orkli.com/documents/26715/33991/Orkli%2Btarifa%2Brepuestos%2B2021%2Biraila/deb3b515-a3c0-4fbb-8015-a812a463dc95
orkli,V-08749-00,V08749,"14,00 € 6","14,00 € 6",repuestos,,https://www.orkli.com/documents/26715/33991/Orkli%2Btarifa%2Brepuestos%2B2021%2Biraila/deb3b515-a3c0-4fbb-8015-a812a463dc95,https://www.orkli.com/documents/26715/33991/Orkli%2Btarifa%2Brepuestos%2B2021%2Biraila/deb3b515-a3c0-4fbb-8015-a812a463dc95
orkli,V-08750-00,V08750,"14,00 € 6","14,00 € 6",repuestos,,https://www.orkli.com/documents/26715/33991/Orkli%2Btarifa%2Brepuestos%2B2021%2Biraila/deb3b515-a3c0-4fbb-8015-a812a463dc95,https://www.orkli.com/documents/26715/33991/Orkli%2Btarifa%2Brepuestos%2B2021%2Biraila/deb3b515-a3c0-4fbb-8015-a812a463dc95
orkli,E-25343-00,E25343,"43,06 € 20","43,06 € 20",repuestos,,https://www.orkli.com/documents/26715/33991/Orkli%2Btarifa%2Brepuestos%2B2021%2Biraila/deb3b515-a3c0-4fbb-8015-a812a463dc95,https://www.orkli.com/documents/26715/33991/Orkli%2Btarifa%2Brepuestos%2B2021%2Biraila/deb3b515-a3c0-4fbb-8015-a812a463dc95
orkli,E-25347-00,E25347,"52,14 € 20","52,14 € 20",repuestos,,https://www.orkli.com/documents/26715/33991/Orkli%2Btarifa%2Brepuestos%2B2021%2Biraila/deb3b515-a3c0-4fbb-8015-a812a463dc95,https://www.orkli.com/documents/26715/33991/Orkli%2Btarifa%2Brepuestos%2B2021%2Biraila/deb3b515-a3c0-4fbb-8015-a812a463dc95
orkli,E-25345-00,E25345,"63,73 € 20","63,73 € 20",repuestos,,https://www.orkli.com/documents/26715/33991/Orkli%2Btarifa%2Brepuestos%2B2021%2Biraila/deb3b515-a3c0-4fbb-8015-a812a463dc95,https://www.orkli.com/documents/26715/33991/Orkli%2Btarifa%2Brepuestos%2B2021%2Biraila/deb3b515-a3c0-4fbb-8015-a812a463dc95
orkli,F-7895-00,F7895,"43,06 € 20","43,06 € 20",repuestos,,https://www.orkli.com/documents/26715/33991/Orkli%2Btarifa%2Brepuestos%2B2021%2Biraila/deb3b515-a3c0-4fbb-8015-a812a463dc95,https://www.orkli.com/documents/26715/33991/Orkli%2Btarifa%2Brepuestos%2B2021%2Biraila/deb3b515-a3c0-4fbb-8015-a812a463dc95
orkli,F-7894-00,F7894,"52,14 € 20","52,14 € 20",repuestos,,https://www.orkli.com/documents/26715/33991/Orkli%2Btarifa%2Brepuestos%2B2021%2Biraila/deb3b515-a3c0-4fbb-8015-a812a463dc95,https://www.orkli.com/documents/26715/33991/Orkli%2Btarifa%2Brepuestos%2B2021%2Biraila/deb3b515-a3c0-4fbb-8015-a812a463dc95
orkli,F-7900-00,F7900,"75,08 € 20","75,08 € 20",repuestos,,https://www.orkli.com/documents/26715/33991/Orkli%2Btarifa%2Brepuestos%2B2021%2Biraila/deb3b515-a3c0-4fbb-8015-a812a463dc95,https://www.orkli.com/documents/26715/33991/Orkli%2Btarifa%2Brepuestos%2B2021%2Biraila/deb3b515-a3c0-4fbb-8015-a812a463dc95
orkli,F-5124-00,F5124,"16,04 € 20","16,04 € 20",repuestos,,https://www.orkli.com/documents/26715/33991/Orkli%2Btarifa%2Brepuestos%2B2021%2Biraila/deb3b515-a3c0-4fbb-8015-a812a463dc95,https://www.orkli.com/documents/26715/33991/Orkli%2Btarifa%2Brepuestos%2B2021%2Biraila/deb3b515-a3c0-4fbb-8015-a812a463dc95
orkli,F-9596-00,F9596,"18,54 € 20","18,54 € 20",repuestos,,https://www.orkli.com/documents/26715/33991/Orkli%2Btarifa%2Brepuestos%2B2021%2Biraila/deb3b515-a3c0-4fbb-8015-a812a463dc95,https://www.orkli.com/documents/26715/33991/Orkli%2Btarifa%2Brepuestos%2B2021%2Biraila/deb3b515-a3c0-4fbb-8015-a812a463dc95
orkli,E-16338-00,E16338,"43,97 € 20","43,97 € 20",repuestos,,https://www.orkli.com/documents/26715/33991/Orkli%2Btarifa%2Brepuestos%2B2021%2Biraila/deb3b515-a3c0-4fbb-8015-a812a463dc95,https://www.orkli.com/documents/26715/33991/Orkli%2Btarifa%2Brepuestos%2B2021%2Biraila/deb3b515-a3c0-4fbb-8015-a812a463dc95
orkli,E-16324-00,E16324,"55,55 € 20","55,55 € 20",repuestos,,https://www.orkli.com/documents/26715/33991/Orkli%2Btarifa%2Brepuestos%2B2021%2Biraila/deb3b515-a3c0-4fbb-8015-a812a463dc95,https://www.orkli.com/documents/26715/33991/Orkli%2Btarifa%2Brepuestos%2B2021%2Biraila/deb3b515-a3c0-4fbb-8015-a812a463dc95
orkli,E-16401-00,E16401,"43,97 € 20","43,97 € 20",repuestos,,https://www.orkli.com/documents/26715/33991/Orkli%2Btarifa%2Brepuestos%2B2021%2Biraila/deb3b515-a3c0-4fbb-8015-a812a463dc95,https://www.orkli.com/documents/26715/33991/Orkli%2Btarifa%2Brepuestos%2B2021%2Biraila/deb3b515-a3c0-4fbb-8015-a812a463dc95
orkli,F-7907-00,F7907,"86,44 € 20","86,44 € 20",repuestos,,https://www.orkli.com/documents/26715/33991/Orkli%2Btarifa%2Brepuestos%2B2021%2Biraila/deb3b515-a3c0-4fbb-8015-a812a463dc95,https://www.orkli.com/documents/26715/33991/Orkli%2Btarifa%2Brepuestos%2B2021%2Biraila/deb3b515-a3c0-4fbb-8015-a812a463dc95
orkli,E-23758-00,E23758,"75,54 € 20","75,54 € 20",repuestos,,https://www.orkli.com/documents/26715/33991/Orkli%2Btarifa%2Brepuestos%2B2021%2Biraila/deb3b515-a3c0-4fbb-8015-a812a463dc95,https://www.orkli.com/documents/26715/33991/Orkli%2Btarifa%2Brepuestos%2B2021%2Biraila/deb3b515-a3c0-4fbb-8015-a812a463dc95
orkli,E-23828-00,E23828,"86,46 € 20","86,46 € 20",repuestos,,https://www.orkli.com/documents/26715/33991/Orkli%2Btarifa%2Brepuestos%2B2021%2Biraila/deb3b515-a3c0-4fbb-8015-a812a463dc95,https://www.orkli.com/documents/26715/33991/Orkli%2Btarifa%2Brepuestos%2B2021%2Biraila/deb3b515-a3c0-4fbb-8015-a812a463dc95
orkli,E-1901-00,E1901,"34,88 € 20","34,88 € 20",repuestos,,https://www.orkli.com/documents/26715/33991/Orkli%2Btarifa%2Brepuestos%2B2021%2Biraila/deb3b515-a3c0-4fbb-8015-a812a463dc95,https://www.orkli.com/documents/26715/33991/Orkli%2Btarifa%2Brepuestos%2B2021%2Biraila/deb3b515-a3c0-4fbb-8015-a812a463dc95
orkli,E-3259-00,E3259,"34,88 € 20","34,88 € 20",repuestos,,https://www.orkli.com/documents/26715/33991/Orkli%2Btarifa%2Brepuestos%2B2021%2Biraila/deb3b515-a3c0-4fbb-8015-a812a463dc95,https://www.orkli.com/documents/26715/33991/Orkli%2Btarifa%2Brepuestos%2B2021%2Biraila/deb3b515-a3c0-4fbb-8015-a812a463dc95
orkli,E-23545-00,E23545,"34,88 € 20","34,88 € 20",repuestos,,https://www.orkli.com/documents/26715/33991/Orkli%2Btarifa%2Brepuestos%2B2021%2Biraila/deb3b515-a3c0-4fbb-8015-a812a463dc95,https://www.orkli.com/documents/26715/33991/Orkli%2Btarifa%2Brepuestos%2B2021%2Biraila/deb3b515-a3c0-4fbb-8015-a812a463dc95
orkli,V-07457-00,V07457,"20,67 € 10","20,67 € 10",repuestos,,https://www.orkli.com/documents/26715/33991/Orkli%2Btarifa%2Brepuestos%2B2021%2Biraila/deb3b515-a3c0-4fbb-8015-a812a463dc95,https://www.orkli.com/documents/26715/33991/Orkli%2Btarifa%2Brepuestos%2B2021%2Biraila/deb3b515-a3c0-4fbb-8015-a812a463dc95
orkli,V-05369,V05369,"64,97 €","64,97 €",repuestos,,https://www.orkli.com/documents/26715/33991/Orkli%2Btarifa%2Brepuestos%2B2021%2Biraila/deb3b515-a3c0-4fbb-8015-a812a463dc95,https://www.orkli.com/documents/26715/33991/Orkli%2Btarifa%2Brepuestos%2B2021%2Biraila/deb3b515-a3c0-4fbb-8015-a812a463dc95
orkli,V-05368,V05368,"72,76 €","72,76 €",repuestos,,https://www.orkli.com/documents/26715/33991/Orkli%2Btarifa%2Brepuestos%2B2021%2Biraila/deb3b515-a3c0-4fbb-8015-a812a463dc95,https://www.orkli.com/documents/26715/33991/Orkli%2Btarifa%2Brepuestos%2B2021%2Biraila/deb3b515-a3c0-4fbb-8015-a812a463dc95
orkli,E-18620,E18620,ARMARIO PLÁSTICO 335x275x88 Suelo Radiante,armario plastico 335x275x88 suelo radiante,radiador,,https://www.orkli.com/documents/26715/76863/ORKLI%2BTARIFA%2B2025/eb336f3b-6f15-48c4-a766-4333dc7d33a7,https://www.orkli.com/documents/26715/76863/ORKLI%2BTARIFA%2B2025/eb336f3b-6f15-48c4-a766-4333dc7d33a7
orkli,E-18621,E18621,ARMARIO PLÁSTICO 415x275x88 Suelo Radiante,armario plastico 415x275x88 suelo radiante,radiador,,https://www.orkli.com/documents/26715/76863/ORKLI%2BTARIFA%2B2025/eb336f3b-6f15-48c4-a766-4333dc7d33a7,https://www.orkli.com/documents/26715/76863/ORKLI%2BTARIFA%2B2025/eb336f3b-6f15-48c4-a766-4333dc7d33a7
orkli,E-18622,E18622,ARMARIO PLÁSTICO 515x275x88 Suelo Radiante,armario plastico 515x275x88 suelo radiante,radiador,,https://www.orkli.com/documents/26715/76863/ORKLI%2BTARIFA%2B2025/eb336f3b-6f15-48c4-a766-4333dc7d33a7,https://www.orkli.com/documents/26715/76863/ORKLI%2BTARIFA%2B2025/eb336f3b-6f15-48c4-a766-4333dc7d33a7
orkli,E-22510,E22510,ARMARIO PLÁSTICO 615x325x88 Suelo Radiante,armario plastico 615x325x88 suelo radiante,radiador,,https://www.orkli.com/documents/26715/76863/ORKLI%2BTARIFA%2B2025/eb336f3b-6f15-48c4-a766-4333dc7d33a7,https://www.orkli.com/documents/26715/76863/ORKLI%2BTARIFA%2B2025/eb336f3b-6f15-48c4-a766-4333dc7d33a7
orkli,E-25228,E25228,CAJA DE CONEXIONES CABLEADO Suelo Radiante,caja de conexiones cableado suelo radiante,radiador,,https://www.orkli.com/documents/26715/76863/ORKLI%2BTARIFA%2B2025/eb336f3b-6f15-48c4-a766-4333dc7d33a7,https://www.orkli.com/documents/26715/76863/ORKLI%2BTARIFA%2B2025/eb336f3b-6f15-48c4-a766-4333dc7d33a7
orkli,V-01121,V01121,V.PRESION DIFERENCIAL Componentes de,v.presion diferencial componentes de,radiador,,https://www.orkli.com/documents/26715/76863/ORKLI%2BTARIFA%2B2025/eb336f3b-6f15-48c4-a766-4333dc7d33a7,https://www.orkli.com/documents/26715/76863/ORKLI%2BTARIFA%2B2025/eb336f3b-6f15-48c4-a766-4333dc7d33a7
orkli,V-02070,V02070,ADAPTADOR M30x1.5 CABEZA,adaptador m30x1.5 cabeza,radiador,,https://www.orkli.com/documents/26715/76863/ORKLI%2BTARIFA%2B2025/eb336f3b-6f15-48c4-a766-4333dc7d33a7,https://www.orkli.com/documents/26715/76863/ORKLI%2BTARIFA%2B2025/eb336f3b-6f15-48c4-a766-4333dc7d33a7
orkli,V-02214,V02214,ADAPTADOR M28x1 CABEZA TERMOELECTRICA Suelo Radiante,adaptador m28x1 cabeza termoelectrica suelo radiante,radiador,,https://www.orkli.com/documents/26715/76863/ORKLI%2BTARIFA%2B2025/eb336f3b-6f15-48c4-a766-4333dc7d33a7,https://www.orkli.com/documents/26715/76863/ORKLI%2BTARIFA%2B2025/eb336f3b-6f15-48c4-a766-4333dc7d33a7
orkli,V-04226,V04226,"ACC.EUROCONO T.PER D16x1,8 Suelo Radiante","acc.eurocono t.per d16x1,8 suelo radiante",radiador,,https://www.orkli.com/documents/26715/76863/ORKLI%2BTARIFA%2B2025/eb336f3b-6f15-48c4-a766-4333dc7d33a7,https://www.orkli.com/documents/26715/76863/ORKLI%2BTARIFA%2B2025/eb336f3b-6f15-48c4-a766-4333dc7d33a7
orkli,V-04227,V04227,"ACC.EUROCONO T.PEX/PER D20x1,9 Suelo Radiante","acc.eurocono t.pex/per d20x1,9 suelo radiante",radiador,,https://www.orkli.com/documents/26715/76863/ORKLI%2BTARIFA%2B2025/eb336f3b-6f15-48c4-a766-4333dc7d33a7,https://www.orkli.com/documents/26715/76863/ORKLI%2BTARIFA%2B2025/eb336f3b-6f15-48c4-a766-4333dc7d33a7
orkli,V-04228,V04228,ACC.EUROCONO T.MULTI D16x2 Suelo Radiante,acc.eurocono t.multi d16x2 suelo radiante,radiador,,https://www.orkli.com/documents/26715/76863/ORKLI%2BTARIFA%2B2025/eb336f3b-6f15-48c4-a766-4333dc7d33a7,https://www.orkli.com/documents/26715/76863/ORKLI%2BTARIFA%2B2025/eb336f3b-6f15-48c4-a766-4333dc7d33a7
orkli,V-05001,V05001,CAB.TERMOELECTRICA NC230V.M30x1.5 C/MIC Suelo Radiante,cab.termoelectrica nc230v.m30x1.5 c/mic suelo radiante,radiador,,https://www.orkli.com/documents/26715/76863/ORKLI%2BTARIFA%2B2025/eb336f3b-6f15-48c4-a766-4333dc7d33a7,https://www.orkli.com/documents/26715/76863/ORKLI%2BTARIFA%2B2025/eb336f3b-6f15-48c4-a766-4333dc7d33a7
orkli,V-14644,V14644,REPUESTO GRAPAS UNIÓN MÓDULOS,repuesto grapas union modulos,radiador,,https://www.orkli.com/documents/26715/76863/ORKLI%2BTARIFA%2B2025/eb336f3b-6f15-48c4-a766-4333dc7d33a7,https://www.orkli.com/documents/26715/76863/ORKLI%2BTARIFA%2B2025/eb336f3b-6f15-48c4-a766-4333dc7d33a7
orkli,V-14645,V14645,REPUESTO TERMÓMETRO COLECTOR,repuesto termometro colector,radiador,,https://www.orkli.com/documents/26715/76863/ORKLI%2BTARIFA%2B2025/eb336f3b-6f15-48c4-a766-4333dc7d33a7,https://www.orkli.com/documents/26715/76863/ORKLI%2BTARIFA%2B2025/eb336f3b-6f15-48c4-a766-4333dc7d33a7
orkli,V-14827,V14827,"REPUESTO GRAPAS UNIÓN TOMA RC, ATM,","repuesto grapas union toma rc, atm,",radiador,,https://www.orkli.com/documents/26715/76863/ORKLI%2BTARIFA%2B2025/eb336f3b-6f15-48c4-a766-4333dc7d33a7,https://www.orkli.com/documents/26715/76863/ORKLI%2BTARIFA%2B2025/eb336f3b-6f15-48c4-a766-4333dc7d33a7
orkli,V-00625,V00625,DEPOSITO ADICIONAL DRAIN Sistemas Solares GHS - Grupos,deposito adicional drain sistemas solares ghs - grupos,radiador,,https://www.orkli.com/documents/26715/76863/ORKLI%2BTARIFA%2B2025/eb336f3b-6f15-48c4-a766-4333dc7d33a7,https://www.orkli.com/documents/26715/76863/ORKLI%2BTARIFA%2B2025/eb336f3b-6f15-48c4-a766-4333dc7d33a7
orkli,V-10474,V10474,ESTRUCTURA TERRAZA PLANA Sistemas Solares OKSOL - Sistema Oksol,estructura terraza plana sistemas solares oksol - sistema oksol,radiador,,https://www.orkli.com/documents/26715/76863/ORKLI%2BTARIFA%2B2025/eb336f3b-6f15-48c4-a766-4333dc7d33a7,https://www.orkli.com/documents/26715/76863/ORKLI%2BTARIFA%2B2025/eb336f3b-6f15-48c4-a766-4333dc7d33a7
orkli,V-10857,V10857,RESISTENCIA OPCIONAL PARA,resistencia opcional para,radiador,,https://www.orkli.com/documents/26715/76863/ORKLI%2BTARIFA%2B2025/eb336f3b-6f15-48c4-a766-4333dc7d33a7,https://www.orkli.com/documents/26715/76863/ORKLI%2BTARIFA%2B2025/eb336f3b-6f15-48c4-a766-4333dc7d33a7
orkli,V-10877,V10877,RESISTENCIA OPCIONAL PARA,resistencia opcional para,radiador,,https://www.orkli.com/documents/26715/76863/ORKLI%2BTARIFA%2B2025/eb336f3b-6f15-48c4-a766-4333dc7d33a7,https://www.orkli.com/documents/26715/76863/ORKLI%2BTARIFA%2B2025/eb336f3b-6f15-48c4-a766-4333dc7d33a7
orkli,V-11710,V11710,ESTRUCTURA TEJADO INCLINADO Sistemas Solares OKSOL - Sistema Oksol,estructura tejado inclinado sistemas solares oksol - sistema oksol,radiador,,https://www.orkli.com/documents/26715/76863/ORKLI%2BTARIFA%2B2025/eb336f3b-6f15-48c4-a766-4333dc7d33a7,https://www.orkli.com/documents/26715/76863/ORKLI%2BTARIFA%2B2025/eb336f3b-6f15-48c4-a766-4333dc7d33a7
orkli,D-7075,D7075,"PURGA.BOYA ANG.1""DERCH Componentes de radiador ACV - Resto componentes","purga.boya ang.1""derch componentes de radiador acv - resto componentes",radiador,,https://www.orkli.com/documents/26715/76863/ORKLI%2BTARIFA%2B2025/eb336f3b-6f15-48c4-a766-4333dc7d33a7,https://www.orkli.com/documents/26715/76863/ORKLI%2BTARIFA%2B2025/eb336f3b-6f15-48c4-a766-4333dc7d33a7
orkli,D-7076,D7076,"PURG.BOYA ANG.1""IZQUI Componentes de radiador ACV - Resto componentes","purg.boya ang.1""izqui componentes de radiador acv - resto componentes",radiador,,https://www.orkli.com/documents/26715/76863/ORKLI%2BTARIFA%2B2025/eb336f3b-6f15-48c4-a766-4333dc7d33a7,https://www.orkli.com/documents/26715/76863/ORKLI%2BTARIFA%2B2025/eb336f3b-6f15-48c4-a766-4333dc7d33a7
orkli,E-12236,E12236,SIFON PARA G.SEGURIDAD Otras familias PDR - Recambio,sifon para g.seguridad otras familias pdr - recambio,radiador,,https://www.orkli.com/documents/26715/76863/ORKLI%2BTARIFA%2B2025/eb336f3b-6f15-48c4-a766-4333dc7d33a7,https://www.orkli.com/documents/26715/76863/ORKLI%2BTARIFA%2B2025/eb336f3b-6f15-48c4-a766-4333dc7d33a7
orkli,E-13062,E13062,RACORD ADAPTADOR Componentes de radiador ACC - Accesorios de unión,racord adaptador componentes de radiador acc - accesorios de union,radiador,,https://www.orkli.com/documents/26715/76863/ORKLI%2BTARIFA%2B2025/eb336f3b-6f15-48c4-a766-4333dc7d33a7,https://www.orkli.com/documents/26715/76863/ORKLI%2BTARIFA%2B2025/eb336f3b-6f15-48c4-a766-4333dc7d33a7
orkli,E-13643,E13643,"AC.ALUM.D20x2,25 Componentes de radiador ACC - Accesorios de unión","ac.alum.d20x2,25 componentes de radiador acc - accesorios de union",radiador,,https://www.orkli.com/documents/26715/76863/ORKLI%2BTARIFA%2B2025/eb336f3b-6f15-48c4-a766-4333dc7d33a7,https://www.orkli.com/documents/26715/76863/ORKLI%2BTARIFA%2B2025/eb336f3b-6f15-48c4-a766-4333dc7d33a7
orkli,E-13667,E13667,AC.ALUM.D18x2 Componentes de radiador ACC - Accesorios de unión,ac.alum.d18x2 componentes de radiador acc - accesorios de union,radiador,,https://www.orkli.com/documents/26715/76863/ORKLI%2BTARIFA%2B2025/eb336f3b-6f15-48c4-a766-4333dc7d33a7,https://www.orkli.com/documents/26715/76863/ORKLI%2BTARIFA%2B2025/eb336f3b-6f15-48c4-a766-4333dc7d33a7
orkli,E-13670,E13670,AC.ALUM.D20x2 Componentes de radiador ACC - Accesorios de unión,ac.alum.d20x2 componentes de radiador acc - accesorios de union,radiador,,https://www.orkli.com/documents/26715/76863/ORKLI%2BTARIFA%2B2025/eb336f3b-6f15-48c4-a766-4333dc7d33a7,https://www.orkli.com/documents/26715/76863/ORKLI%2BTARIFA%2B2025/eb336f3b-6f15-48c4-a766-4333dc7d33a7
orkli,E-13727,E13727,ACCESORIO MULTICAPA Ø16x2 Componentes de radiador ACC - Accesorios de unión,accesorio multicapa ø16x2 componentes de radiador acc - accesorios de union,radiador,,https://www.orkli.com/documents/26715/76863/ORKLI%2BTARIFA%2B2025/eb336f3b-6f15-48c4-a766-4333dc7d33a7,https://www.orkli.com/documents/26715/76863/ORKLI%2BTARIFA%2B2025/eb336f3b-6f15-48c4-a766-4333dc7d33a7
orkli,E-13768,E13768,ACC.T.PER D16x2 Componentes de radiador ACC - Accesorios de unión,acc.t.per d16x2 componentes de radiador acc - accesorios de union,radiador,,https://www.orkli.com/documents/26715/76863/ORKLI%2BTARIFA%2B2025/eb336f3b-6f15-48c4-a766-4333dc7d33a7,https://www.orkli.com/documents/26715/76863/ORKLI%2BTARIFA%2B2025/eb336f3b-6f15-48c4-a766-4333dc7d33a7
orkli,E-13816,E13816,ACC.PB Ø15x1.7 Componentes de radiador ACC - Accesorios de unión,acc.pb ø15x1.7 componentes de radiador acc - accesorios de union,radiador,,https://www.orkli.com/documents/26715/76863/ORKLI%2BTARIFA%2B2025/eb336f3b-6f15-48c4-a766-4333dc7d33a7,https://www.orkli.com/documents/26715/76863/ORKLI%2BTARIFA%2B2025/eb336f3b-6f15-48c4-a766-4333dc7d33a7
orkli,E-14133,E14133,ANTIRROBO CAB.TERMOSTÁTICA BL Componentes de radiador CTE - Cabezas,antirrobo cab.termostatica bl componentes de radiador cte - cabezas,radiador,,https://www.orkli.com/documents/26715/76863/ORKLI%2BTARIFA%2B2025/eb336f3b-6f15-48c4-a766-4333dc7d33a7,https://www.orkli.com/documents/26715/76863/ORKLI%2BTARIFA%2B2025/eb336f3b-6f15-48c4-a766-4333dc7d33a7
orkli,E-15700,E157,ACC.PER/PEX/PB Ø16x1.8 Componentes de radiador ACC - Accesorios de unión,acc.per/pex/pb ø16x1.8 componentes de radiador acc - accesorios de union,radiador,,https://www.orkli.com/documents/26715/76863/ORKLI%2BTARIFA%2B2025/eb336f3b-6f15-48c4-a766-4333dc7d33a7,https://www.orkli.com/documents/26715/76863/ORKLI%2BTARIFA%2B2025/eb336f3b-6f15-48c4-a766-4333dc7d33a7
orkli,E-18873,E18873,ACC.T.PER D20x1.9 Componentes de radiador ACC - Accesorios de unión,acc.t.per d20x1.9 componentes de radiador acc - accesorios de union,radiador,,https://www.orkli.com/documents/26715/76863/ORKLI%2BTARIFA%2B2025/eb336f3b-6f15-48c4-a766-4333dc7d33a7,https://www.orkli.com/documents/26715/76863/ORKLI%2BTARIFA%2B2025/eb336f3b-6f15-48c4-a766-4333dc7d33a7
orkli,E-19733,E19733,MANGUITO TELESCOPICO Componentes de radiador ACV - Resto componentes,manguito telescopico componentes de radiador acv - resto componentes,radiador,,https://www.orkli.com/documents/26715/76863/ORKLI%2BTARIFA%2B2025/eb336f3b-6f15-48c4-a766-4333dc7d33a7,https://www.orkli.com/documents/26715/76863/ORKLI%2BTARIFA%2B2025/eb336f3b-6f15-48c4-a766-4333dc7d33a7
orkli,E-19863-00,E19863,PUENTE DE INSTALACION EMP. Componentes de radiador ACC - Accesorios de unión,puente de instalacion emp. componentes de radiador acc - accesorios de union,radiador,,https://www.orkli.com/documents/26715/76863/ORKLI%2BTARIFA%2B2025/eb336f3b-6f15-48c4-a766-4333dc7d33a7,https://www.orkli.com/documents/26715/76863/ORKLI%2BTARIFA%2B2025/eb336f3b-6f15-48c4-a766-4333dc7d33a7
orkli,E-20185,E20185,"MANGUITO TELESCOPICO 1/2""-3/8"" Componentes de radiador ACV - Resto componentes","manguito telescopico 1/2""-3/8"" componentes de radiador acv - resto componentes",radiador,,https://www.orkli.com/documents/26715/76863/ORKLI%2BTARIFA%2B2025/eb336f3b-6f15-48c4-a766-4333dc7d33a7,https://www.orkli.com/documents/26715/76863/ORKLI%2BTARIFA%2B2025/eb336f3b-6f15-48c4-a766-4333dc7d33a7
orkli,E-22769,E22769,TAPON INSTALACIONES BITUBO Componentes de radiador ACV - Resto componentes,tapon instalaciones bitubo componentes de radiador acv - resto componentes,radiador,,https://www.orkli.com/documents/26715/76863/ORKLI%2BTARIFA%2B2025/eb336f3b-6f15-48c4-a766-4333dc7d33a7,https://www.orkli.com/documents/26715/76863/ORKLI%2BTARIFA%2B2025/eb336f3b-6f15-48c4-a766-4333dc7d33a7
orkli,E-23859,E23859,RACORD ADAPTADOR M24x1.5-6g Componentes de radiador ACC - Accesorios de unión,racord adaptador m24x1.5-6g componentes de radiador acc - accesorios de union,radiador,,https://www.orkli.com/documents/26715/76863/ORKLI%2BTARIFA%2B2025/eb336f3b-6f15-48c4-a766-4333dc7d33a7,https://www.orkli.com/documents/26715/76863/ORKLI%2BTARIFA%2B2025/eb336f3b-6f15-48c4-a766-4333dc7d33a7
orkli,E-5135,E5135,ACCE.N.TUBO COBRE.D12 Componentes de radiador ACC - Accesorios de unión,acce.n.tubo cobre.d12 componentes de radiador acc - accesorios de union,radiador,,https://www.orkli.com/documents/26715/76863/ORKLI%2BTARIFA%2B2025/eb336f3b-6f15-48c4-a766-4333dc7d33a7,https://www.orkli.com/documents/26715/76863/ORKLI%2BTARIFA%2B2025/eb336f3b-6f15-48c4-a766-4333dc7d33a7
orkli,E-5137,E5137,ACCE.N.TUBO COBRE D14 Componentes de radiador ACC - Accesorios de unión,acce.n.tubo cobre d14 componentes de radiador acc - accesorios de union,radiador,,https://www.orkli.com/documents/26715/76863/ORKLI%2BTARIFA%2B2025/eb336f3b-6f15-48c4-a766-4333dc7d33a7,https://www.orkli.com/documents/26715/76863/ORKLI%2BTARIFA%2B2025/eb336f3b-6f15-48c4-a766-4333dc7d33a7
orkli,E-5139,E5139,ACCESORIO TUBO COBRE D.15 Componentes de radiador ACC - Accesorios de unión,accesorio tubo cobre d.15 componentes de radiador acc - accesorios de union,radiador,,https://www.orkli.com/documents/26715/76863/ORKLI%2BTARIFA%2B2025/eb336f3b-6f15-48c4-a766-4333dc7d33a7,https://www.orkli.com/documents/26715/76863/ORKLI%2BTARIFA%2B2025/eb336f3b-6f15-48c4-a766-4333dc7d33a7
orkli,E-5141,E5141,ACCE.N.TUBO COBRE D16 Componentes de radiador ACC - Accesorios de unión,acce.n.tubo cobre d16 componentes de radiador acc - accesorios de union,radiador,,https://www.orkli.com/documents/26715/76863/ORKLI%2BTARIFA%2B2025/eb336f3b-6f15-48c4-a766-4333dc7d33a7,https://www.orkli.com/documents/26715/76863/ORKLI%2BTARIFA%2B2025/eb336f3b-6f15-48c4-a766-4333dc7d33a7
orkli,E-5427,E5427,ACCE.N.TUBO COBRE D18 Componentes de radiador ACC - Accesorios de unión,acce.n.tubo cobre d18 componentes de radiador acc - accesorios de union,radiador,,https://www.orkli.com/documents/26715/76863/ORKLI%2BTARIFA%2B2025/eb336f3b-6f15-48c4-a766-4333dc7d33a7,https://www.orkli.com/documents/26715/76863/ORKLI%2BTARIFA%2B2025/eb336f3b-6f15-48c4-a766-4333dc7d33a7
orkli,E-6616,E6616,ANTIROBO TERMOSTATICA NEGRO Componentes de radiador CTE - Cabezas,antirobo termostatica negro componentes de radiador cte - cabezas,radiador,,https://www.orkli.com/documents/26715/76863/ORKLI%2BTARIFA%2B2025/eb336f3b-6f15-48c4-a766-4333dc7d33a7,https://www.orkli.com/documents/26715/76863/ORKLI%2BTARIFA%2B2025/eb336f3b-6f15-48c4-a766-4333dc7d33a7
orkli,V-00564,V00564,RACORD DECOLETAJE M24x1.5 Componentes de radiador ACC - Accesorios de unión,racord decoletaje m24x1.5 componentes de radiador acc - accesorios de union,radiador,,https://www.orkli.com/documents/26715/76863/ORKLI%2BTARIFA%2B2025/eb336f3b-6f15-48c4-a766-4333dc7d33a7,https://www.orkli.com/documents/26715/76863/ORKLI%2BTARIFA%2B2025/eb336f3b-6f15-48c4-a766-4333dc7d33a7
orkli,V-01030,V01030,Accesorio tubo multicapa 16x2 Componentes de radiador ACC - Accesorios de unión,accesorio tubo multicapa 16x2 componentes de radiador acc - accesorios de union,radiador,,https://www.orkli.com/documents/26715/76863/ORKLI%2BTARIFA%2B2025/eb336f3b-6f15-48c4-a766-4333dc7d33a7,https://www.orkli.com/documents/26715/76863/ORKLI%2BTARIFA%2B2025/eb336f3b-6f15-48c4-a766-4333dc7d33a7
orkli,V-06277,V06277,PURGADOR COLECTOR MACHO Componentes de radiador PGD - PURGADORES,purgador colector macho componentes de radiador pgd - purgadores,radiador,,https://www.orkli.com/documents/26715/76863/ORKLI%2BTARIFA%2B2025/eb336f3b-6f15-48c4-a766-4333dc7d33a7,https://www.orkli.com/documents/26715/76863/ORKLI%2BTARIFA%2B2025/eb336f3b-6f15-48c4-a766-4333dc7d33a7
orkli,V-06313,V06313,"V.BOLA 3/4"" M-H Colectores y equipos de","v.bola 3/4"" m-h colectores y equipos de",radiador,,https://www.orkli.com/documents/26715/76863/ORKLI%2BTARIFA%2B2025/eb336f3b-6f15-48c4-a766-4333dc7d33a7,https://www.orkli.com/documents/26715/76863/ORKLI%2BTARIFA%2B2025/eb336f3b-6f15-48c4-a766-4333dc7d33a7
orkli,V-09444,V09444,RacorPro derechas Componentes de radiador ACC - Accesorios de unión,racorpro derechas componentes de radiador acc - accesorios de union,radiador,,https://www.orkli.com/documents/26715/76863/ORKLI%2BTARIFA%2B2025/eb336f3b-6f15-48c4-a766-4333dc7d33a7,https://www.orkli.com/documents/26715/76863/ORKLI%2BTARIFA%2B2025/eb336f3b-6f15-48c4-a766-4333dc7d33a7
orkli,V-10041,V10041,RacorPro izquierdas Componentes de radiador ACC - Accesorios de unión,racorpro izquierdas componentes de radiador acc - accesorios de union,radiador,,https://www.orkli.com/documents/26715/76863/ORKLI%2BTARIFA%2B2025/eb336f3b-6f15-48c4-a766-4333dc7d33a7,https://www.orkli.com/documents/26715/76863/ORKLI%2BTARIFA%2B2025/eb336f3b-6f15-48c4-a766-4333dc7d33a7
orkli,H-100,H1,Bisel decorativo en acero para difusores 100 mm Conductos DIF - Difusores,bisel decorativo en acero para difusores 100 mm conductos dif - difusores,radiador,,https://www.orkli.com/documents/26715/76863/ORKLI%2BTARIFA%2B2025/eb336f3b-6f15-48c4-a766-4333dc7d33a7,https://www.orkli.com/documents/26715/76863/ORKLI%2BTARIFA%2B2025/eb336f3b-6f15-48c4-a766-4333dc7d33a7
orkli,H-125,H125,Bisel decorativo en acero para difusores 125 mm Conductos DIF - Difusores,bisel decorativo en acero para difusores 125 mm conductos dif - difusores,radiador,,https://www.orkli.com/documents/26715/76863/ORKLI%2BTARIFA%2B2025/eb336f3b-6f15-48c4-a766-4333dc7d33a7,https://www.orkli.com/documents/26715/76863/ORKLI%2BTARIFA%2B2025/eb336f3b-6f15-48c4-a766-4333dc7d33a7
orkli,P-100,P1,Bisel decorativo en blanco para difusores 100 mm Conductos DIF - Difusores,bisel decorativo en blanco para difusores 100 mm conductos dif - difusores,radiador,,https://www.orkli.com/documents/26715/76863/ORKLI%2BTARIFA%2B2025/eb336f3b-6f15-48c4-a766-4333dc7d33a7,https://www.orkli.com/documents/26715/76863/ORKLI%2BTARIFA%2B2025/eb336f3b-6f15-48c4-a766-4333dc7d33a7
orkli,P-125,P125,Bisel decorativo en blanco para difusores 125 mm Conductos DIF - Difusores,bisel decorativo en blanco para difusores 125 mm conductos dif - difusores,radiador,,https://www.orkli.com/documents/26715/76863/ORKLI%2BTARIFA%2B2025/eb336f3b-6f15-48c4-a766-4333dc7d33a7,https://www.orkli.com/documents/26715/76863/ORKLI%2BTARIFA%2B2025/eb336f3b-6f15-48c4-a766-4333dc7d33a7
